engine,model,input_len,output_len,duration_s,req_per_s,output_tok_per_s,total_tok_per_s,mean_ttft_ms,median_ttft_ms,p99_ttft_ms,mean_tpot_ms,median_tpot_ms,p99_tpot_ms,mean_itl_ms,median_itl_ms,p99_itl_ms
python,Qwen/Qwen2.5-3B-Instruct,32,128,12.36,40.47,5180.08,6475.10,8623.90,7500.06,10056.94,19.04,19.31,19.60,19.04,18.12,63.18
python,Qwen/Qwen2.5-3B-Instruct,32,256,17.35,28.81,7375.72,8297.68,9832.15,7459.18,12588.93,19.37,19.68,19.81,19.37,18.91,29.21
python,Qwen/Qwen2.5-3B-Instruct,32,512,21.79,22.94,11746.10,12480.23,5771.25,653.79,11361.45,20.63,20.72,20.83,20.63,20.40,29.47
python,Qwen/Qwen2.5-3B-Instruct,32,1024,49.56,10.09,10330.28,10653.10,12661.90,626.38,25545.01,23.89,23.90,24.26,23.89,23.71,31.03
python,Qwen/Qwen2.5-3B-Instruct,128,128,7.39,67.66,8660.65,17321.30,2639.66,1542.95,4987.58,24.22,25.70,26.17,24.23,19.45,75.59
python,Qwen/Qwen2.5-3B-Instruct,128,256,12.72,39.30,10060.43,15090.64,3913.28,1485.36,7663.26,22.61,23.40,23.78,22.62,20.23,76.11
python,Qwen/Qwen2.5-3B-Instruct,128,512,24.70,20.24,10365.10,12956.37,6881.82,1505.07,13745.28,22.97,23.35,23.70,22.97,21.79,76.73
python,Qwen/Qwen2.5-3B-Instruct,128,1024,53.91,9.28,9497.90,10685.14,14175.55,1506.99,28753.86,25.72,25.88,26.52,25.72,24.97,71.06
python,Qwen/Qwen2.5-3B-Instruct,512,128,16.17,30.92,3957.46,19787.30,6594.83,5610.14,13460.61,49.34,54.91,60.30,49.35,24.74,96.74
python,Qwen/Qwen2.5-3B-Instruct,512,256,23.14,21.60,5530.81,16592.44,8353.78,5529.21,17237.93,38.26,40.82,45.06,38.27,25.02,116.59
python,Qwen/Qwen2.5-3B-Instruct,512,512,39.01,12.82,6562.85,13125.70,12379.63,5577.99,25922.87,34.51,35.59,39.46,34.51,26.73,152.68
python,Qwen/Qwen2.5-3B-Instruct,512,1024,74.43,6.72,6878.88,10318.31,21240.21,5608.99,44812.64,34.48,34.96,38.15,34.48,29.87,181.22
python,Qwen/Qwen2.5-3B-Instruct,1024,128,39.62,12.62,1615.46,14539.12,15973.98,14423.86,36809.07,120.41,130.78,164.01,120.43,161.07,169.55
python,Qwen/Qwen2.5-3B-Instruct,1024,256,49.47,10.11,2587.40,12937.00,18436.30,14423.42,42494.26,81.32,86.68,107.85,81.33,31.74,184.43
python,Qwen/Qwen2.5-3B-Instruct,1024,512,68.47,7.30,3738.74,11216.21,23259.43,14493.41,52820.60,59.02,61.67,73.93,59.02,33.11,205.28
python,Qwen/Qwen2.5-3B-Instruct,1024,1024,111.37,4.49,4597.21,9194.43,34185.09,14573.92,76194.97,50.32,51.64,59.76,50.32,36.34,244.39
rust,Qwen/Qwen2.5-3B-Instruct,32,128,4.73,105.72,13531.67,16914.59,1356.43,386.96,2683.26,17.11,17.45,17.65,17.11,16.04,44.57
rust,Qwen/Qwen2.5-3B-Instruct,32,256,9.25,54.04,13833.15,15562.29,2476.94,410.65,4967.23,17.36,17.68,17.77,17.36,16.87,44.00
rust,Qwen/Qwen2.5-3B-Instruct,32,512,19.64,25.46,13034.41,13849.07,5022.22,416.51,10191.85,18.82,18.99,19.05,18.82,18.58,33.70
rust,Qwen/Qwen2.5-3B-Instruct,32,1024,45.09,11.09,11355.52,11710.38,11279.82,384.57,23014.05,21.84,22.02,22.05,21.84,21.77,28.41
rust,Qwen/Qwen2.5-3B-Instruct,128,128,6.17,80.99,10366.23,20732.46,2087.72,1218.11,4064.85,20.70,22.05,22.52,20.70,17.02,46.47
rust,Qwen/Qwen2.5-3B-Instruct,128,256,10.78,46.39,11876.44,17814.65,3148.50,1129.81,6325.74,19.50,20.28,20.46,19.50,17.79,45.82
rust,Qwen/Qwen2.5-3B-Instruct,128,512,21.45,23.31,11936.10,14920.12,5764.68,1116.19,11675.49,20.15,20.57,20.63,20.15,19.34,46.45
rust,Qwen/Qwen2.5-3B-Instruct,128,1024,47.71,10.48,10730.95,12072.32,12158.93,1036.40,24855.28,22.88,23.06,23.18,22.88,22.61,43.88
rust,Qwen/Qwen2.5-3B-Instruct,512,128,8.82,56.66,7252.48,36262.41,3496.15,2827.25,6576.47,26.64,29.88,30.56,26.64,19.10,48.52
rust,Qwen/Qwen2.5-3B-Instruct,512,256,13.99,35.74,9149.47,27448.42,4695.11,2772.37,9239.44,23.34,24.76,25.01,23.34,19.62,48.14
rust,Qwen/Qwen2.5-3B-Instruct,512,512,26.47,18.89,9670.90,19341.79,8075.30,3418.84,15765.88,23.39,24.21,24.80,23.39,21.67,47.65
rust,Qwen/Qwen2.5-3B-Instruct,512,1024,53.88,9.28,9502.52,14253.78,14566.68,2777.99,29438.83,25.17,25.48,25.80,25.17,24.53,50.49
rust,Qwen/Qwen2.5-3B-Instruct,1024,128,10.38,48.15,6163.58,55472.22,4352.12,3675.03,8145.19,29.52,32.78,34.91,29.52,31.51,50.29
rust,Qwen/Qwen2.5-3B-Instruct,1024,256,15.44,32.38,8288.74,41443.69,5422.94,3450.04,10337.12,25.03,26.31,27.42,25.03,21.03,50.45
rust,Qwen/Qwen2.5-3B-Instruct,1024,512,28.52,17.53,8975.97,26927.90,8898.87,3995.57,17311.40,24.77,25.47,26.15,24.77,22.79,51.48
rust,Qwen/Qwen2.5-3B-Instruct,1024,1024,57.41,8.71,8918.23,17836.46,15751.47,3531.59,31440.72,26.57,26.78,27.21,26.57,25.70,51.97
